base_yymm,mae,mape,rmse
202102,240451121433.96768,24911.827118508016,734353705580.3364
