base_yymm,mae,mape,rmse
202101,13158269.353022406,27.10401872794216,39654980.309976265
