base_yymm,mae,mape,rmse
202102,13033426.2688291,36.972596166385195,40479870.13760222
