base_yymm,mae,mape,rmse
202103,14088145.327410115,25.176187620694492,42655066.27612973
