base_yymm,mae,mape,rmse
202102,6034353.6177276345,1.6822101321036178,11732091.004727
