FileName,mae,mape,rmse
pred_slng_202103.zip,21189086.98598863,264.03301696855516,63421485.556237474
