FileName,mae,mape,rmse
pred_slng_202102.zip,20241893.417615827,70.93678380214256,67145788.8936157
