FileName,mae,mape,rmse
pred_slng_202101.zip,17485582.34555556,15.352007863666255,23605459.3070802
