base_yymm,mae,mape,rmse
202103,13440516.194927022,22.19650150154365,66586726.18365674
